<?xml version="1.0" encoding="UTF-8"?>
<project-private xmlns="http://www.netbeans.org/ns/project-private/1">
    <editor-bookmarks xmlns="http://www.netbeans.org/ns/editor-bookmarks/2" lastBookmarkId="0"/>
    <open-files xmlns="http://www.netbeans.org/ns/projectui-open-files/2">
        <group>
            <file>file:/C:/Users/This%20pc/Documents/NetBeansProjects/SalesManagement/src/salesmanagement/SalesManagement.java</file>
            <file>file:/C:/Users/This%20pc/Documents/NetBeansProjects/SalesManagement/src/salesmanagement/CreditDetails.java</file>
            <file>file:/C:/Users/This%20pc/Documents/NetBeansProjects/SalesManagement/src/salesmanagement/DailySaless.java</file>
            <file>file:/C:/Users/This%20pc/Documents/NetBeansProjects/SalesManagement/src/salesmanagement/ManagerRegister.java</file>
            <file>file:/C:/Users/This%20pc/Documents/NetBeansProjects/SalesManagement/src/salesmanagement/ManagerLogin.java</file>
        </group>
    </open-files>
</project-private>
